Title,Skills,Alums,skillsMatch,Applicant Rank,URL,Priority,,
Software Engineer,"{'SQL', 'HTML', 'C++', 'Java', 'Software Development', 'JavaScript', 'Python (Programming Language)', 'Cascading Style Sheets (CSS)', 'C#', 'MySQL'}",0,4 out of 10 top skills,50,,0,,"SQL, HTML, C++, Java, Software Development, JavaScript, Python (Programming Language), Cascading Style Sheets (CSS), C#, MySQL"
Software Engineer,"{'SQL', 'HTML', 'C++', 'Java', 'Software Development', 'JavaScript', 'Python (Programming Language)', 'Cascading Style Sheets (CSS)', 'C#', 'MySQL'}",0,4 out of 10 top skills,50,,0,,"SQL, HTML, C++, Java, Software Development, JavaScript, Python (Programming Language), Cascading Style Sheets (CSS), C#, MySQL"
Junior Software Engineer,"{'SQL', 'Project Management', 'Leadership', 'Software Development', 'JavaScript', 'Microsoft Excel', 'Management', 'English', 'Microsoft Office', 'Engineering'}",0,3 out of 10 top skills,N/A,,0,,"SQL, Project Management, Leadership, Software Development, JavaScript, Microsoft Excel, Management, English, Microsoft Office, Engineering"
Junior Software Developer,"{'SQL', 'React.js', 'HTML', 'Java', 'Teamwork', 'Software Development', 'JavaScript', 'Python (Programming Language)', 'Cascading Style Sheets (CSS)', 'Microsoft Office'}",28 alumni,3 out of 10 top skills,N/A,,0,,"SQL, React.js, HTML, Java, Teamwork, Software Development, JavaScript, Python (Programming Language), Cascading Style Sheets (CSS), Microsoft Office"
"Graduate Developer/Junior Developer - Fintech - £80,000","{'SQL', 'Programming', 'HTML', 'C++', 'Java', 'JavaScript', 'Microsoft Excel', 'C (Programming Language)', 'Python (Programming Language)', 'Microsoft Office'}",0,3 out of 10 top skills,N/A,,0,,"SQL, Programming, HTML, C++, Java, JavaScript, Microsoft Excel, C (Programming Language), Python (Programming Language), Microsoft Office"
Software Engineer - Junior X2,set(),0,,N/A,,0,,
Junior Software Developer,"{'SQL', 'HTML5', 'HTML', 'Java', 'Software Development', 'JavaScript', 'C (Programming Language)', 'Python (Programming Language)', 'Cascading Style Sheets (CSS)', 'Data Structures'}",0,4 out of 10 top skills,N/A,,0,,"SQL, HTML5, HTML, Java, Software Development, JavaScript, C (Programming Language), Python (Programming Language), Cascading Style Sheets (CSS), Data Structures"
Junior Software Developer,"{'Adobe Photoshop', 'HTML', 'Data Processing', 'Shell Scripting', 'Creative Problem Solving', 'Python (Programming Language)', 'PHP', 'MySQL', 'Collaborative Problem Solving', 'Django'}",0,1 out of 10 top skills,N/A,,0,,"Adobe Photoshop, HTML, Data Processing, Shell Scripting, Creative Problem Solving, Python (Programming Language), PHP, MySQL, Collaborative Problem Solving, Django"
Junior Developer,"{'SQL', 'Microsoft PowerPoint', 'Leadership', 'Teamwork', 'JavaScript', 'Data Analysis', 'Microsoft Excel', 'Research', 'Microsoft Office', 'Microsoft Word'}",0,3 out of 10 top skills,N/A,,0,,"SQL, Microsoft PowerPoint, Leadership, Teamwork, JavaScript, Data Analysis, Microsoft Excel, Research, Microsoft Office, Microsoft Word"
Software Engineer,"{'Algorithm Design', 'Prolog', 'React.js', 'Java', 'Spring Framework', 'JavaScript', 'Scheme', 'Data Analysis', 'Python (Programming Language)', 'Linux'}",0,,N/A,,0,,"Algorithm Design, Prolog, React.js, Java, Spring Framework, JavaScript, Scheme, Data Analysis, Python (Programming Language), Linux"
Graduate/Junior Software Developer,"{'SQL', 'Problem Solving', 'Prototyping', 'Git', 'C++', 'Java', 'JavaScript', 'Cascading Style Sheets (CSS)', 'PHP', 'Oracle ASM'}",0,2 out of 10 top skills,N/A,,0,,"SQL, Problem Solving, Prototyping, Git, C++, Java, JavaScript, Cascading Style Sheets (CSS), PHP, Oracle ASM"
Software Engineer (Junior/Mid-Level),"{'Agile Methodologies', 'Critical Thinking', 'Software Development', 'Data Processing', 'Shell Scripting', 'JavaScript', 'Creative Problem Solving', 'PHP', 'MySQL', 'Collaborative Problem Solving'}",0,2 out of 10 top skills,N/A,,0,,"Agile Methodologies, Critical Thinking, Software Development, Data Processing, Shell Scripting, JavaScript, Creative Problem Solving, PHP, MySQL, Collaborative Problem Solving"
Software Engineer,"{'Technical Support', 'Spring Boot', 'Software Development', 'Neural Networks', 'Data Analysis', 'Python (Programming Language)', 'Spring Security', 'Tableau', 'Data Structures', 'SAS Programming'}",0,1 out of 10 top skills,N/A,,0,,"Technical Support, Spring Boot, Software Development, Neural Networks, Data Analysis, Python (Programming Language), Spring Security, Tableau, Data Structures, SAS Programming"
Junior Software Engineer,"{'SQL', 'React.js', 'HTML', 'Java', 'Software Development', 'JavaScript', 'Python (Programming Language)', 'Cascading Style Sheets (CSS)', 'C#', 'MySQL'}",0,4 out of 10 top skills,50,,0,,"SQL, React.js, HTML, Java, Software Development, JavaScript, Python (Programming Language), Cascading Style Sheets (CSS), C#, MySQL"
"Graduate / Junior Developer, Python, JavaScript, PHP - London","{'HTML5', 'HTML', 'Node.js', 'JavaScript', 'Python (Programming Language)', 'Cascading Style Sheets (CSS)', 'PHP', 'jQuery', 'MySQL', 'Express.js'}",0,,N/A,,0,,"HTML5, HTML, Node.js, JavaScript, Python (Programming Language), Cascading Style Sheets (CSS), PHP, jQuery, MySQL, Express.js"
C# Developer / Junior Software Engineer,set(),0,,N/A,,0,,
Software Engineer - JavaScript,set(),0,,N/A,,0,,
Associate Software Engineer,set(),3 alumni,,N/A,,0,,
Junior Software Developer,"{'SQL', 'HTML5', 'HTML', 'Java', 'Software Development', 'JavaScript', 'Python (Programming Language)', 'Cascading Style Sheets (CSS)', 'C#', 'Microsoft Office'}",0,,N/A,,0,,"SQL, HTML5, HTML, Java, Software Development, JavaScript, Python (Programming Language), Cascading Style Sheets (CSS), C#, Microsoft Office"
Software Engineer,"{'SQL', 'React.js', 'HTML', 'C++', 'Java', 'JavaScript', 'Python (Programming Language)', 'Cascading Style Sheets (CSS)', 'MySQL', 'Microsoft Office'}",0,,N/A,,0,,"SQL, React.js, HTML, C++, Java, JavaScript, Python (Programming Language), Cascading Style Sheets (CSS), MySQL, Microsoft Office"
Software Engineer,"{'SQL', 'Leadership', 'C++', 'Java', 'JavaScript', 'Back-End Web Development', 'Python (Programming Language)', 'Research', 'C#', 'Microsoft Office'}",0,5 out of 10 top skills,N/A,,0,,"SQL, Leadership, C++, Java, JavaScript, Back-End Web Development, Python (Programming Language), Research, C#, Microsoft Office"
Junior - Mid Level Front end Developer,set(),0,,N/A,,0,,
Associate Software Engineer,"{'Leadership', 'Java', 'Teamwork', 'JavaScript', 'Microsoft Excel', 'Research', 'Digital Marketing', 'Management', 'Time Management', 'Microsoft Office'}",5 alumni,2 out of 10 top skills,N/A,,0,,"Leadership, Java, Teamwork, JavaScript, Microsoft Excel, Research, Digital Marketing, Management, Time Management, Microsoft Office"
Junior Software Engineer,"{'SQL', 'HTML', 'C++', 'Java', 'Teamwork', 'JavaScript', 'C (Programming Language)', 'Python (Programming Language)', 'Cascading Style Sheets (CSS)', 'Microsoft Office'}",0,3 out of 10 top skills,N/A,,0,,"SQL, HTML, C++, Java, Teamwork, JavaScript, C (Programming Language), Python (Programming Language), Cascading Style Sheets (CSS), Microsoft Office"
Software Engineer,"{'Subversion', 'Memcached', 'HTML', 'Node.js', 'NoSQL', 'Redis', 'MySQL', 'Express.js', 'MongoDB', 'DevOps'}",0,0 out of 10 top skills,N/A,,0,,"Subversion, Memcached, HTML, Node.js, NoSQL, Redis, MySQL, Express.js, MongoDB, DevOps"
Software Engineer,"{'SQL', 'Programming', 'C++', 'Java', 'Software Development', 'JavaScript', 'C (Programming Language)', 'Python (Programming Language)', 'Microsoft Office', 'Linux'}",5 alumni,,N/A,,0,,"SQL, Programming, C++, Java, Software Development, JavaScript, C (Programming Language), Python (Programming Language), Microsoft Office, Linux"
Software Engineer,"{'Software Development', 'MySQL', 'C#', 'SQL', 'Java', 'JavaScript', 'Cascading Style Sheets (CSS)', 'Python (Programming Language)', 'C++', 'HTML'}",0,4 out of 10 top skills,50,,0,,"Software Development, MySQL, C#, SQL, Java, JavaScript, Cascading Style Sheets (CSS), Python (Programming Language), C++, HTML"
Software Engineer,"{'Software Development', 'MySQL', 'C#', 'SQL', 'Java', 'JavaScript', 'Cascading Style Sheets (CSS)', 'Python (Programming Language)', 'C++', 'HTML'}",0,4 out of 10 top skills,50,,0,,"Software Development, MySQL, C#, SQL, Java, JavaScript, Cascading Style Sheets (CSS), Python (Programming Language), C++, HTML"
Junior Software Engineer,"{'Microsoft Office', 'Software Development', 'Management', 'Engineering', 'Microsoft Excel', 'C#', 'Project Management', 'SQL', 'JavaScript', 'Leadership'}",0,4 out of 10 top skills,N/A,,0,,"Microsoft Office, Software Development, Management, Engineering, Microsoft Excel, C#, Project Management, SQL, JavaScript, Leadership"
Junior Software Developer,"{'Microsoft Office', 'Software Development', 'Teamwork', 'HTML', 'SQL', 'Java', 'JavaScript', 'Cascading Style Sheets (CSS)', 'Python (Programming Language)', 'React.js'}",28 alumni,3 out of 10 top skills,N/A,,0,,"Microsoft Office, Software Development, Teamwork, HTML, SQL, Java, JavaScript, Cascading Style Sheets (CSS), Python (Programming Language), React.js"
"Graduate Developer/Junior Developer - Fintech - £80,000","{'Microsoft Office', 'Programming', 'Microsoft Excel', 'Java', 'SQL', 'JavaScript', 'C (Programming Language)', 'Python (Programming Language)', 'C++', 'HTML'}",0,3 out of 10 top skills,N/A,,0,,"Microsoft Office, Programming, Microsoft Excel, Java, SQL, JavaScript, C (Programming Language), Python (Programming Language), C++, HTML"
Software Engineer - Junior X2,set(),0,,N/A,,0,,
Junior Software Developer,"{'Software Development', 'Data Structures', 'Java', 'SQL', 'JavaScript', 'HTML5', 'Cascading Style Sheets (CSS)', 'C (Programming Language)', 'Python (Programming Language)', 'HTML'}",0,4 out of 10 top skills,N/A,,0,,"Software Development, Data Structures, Java, SQL, JavaScript, HTML5, Cascading Style Sheets (CSS), C (Programming Language), Python (Programming Language), HTML"
Junior Software Developer,"{'Django', 'Shell Scripting', 'Creative Problem Solving', 'MySQL', 'Adobe Photoshop', 'Python (Programming Language)', 'Data Processing', 'PHP', 'Collaborative Problem Solving', 'HTML'}",0,1 out of 10 top skills,N/A,,0,,"Django, Shell Scripting, Creative Problem Solving, MySQL, Adobe Photoshop, Python (Programming Language), Data Processing, PHP, Collaborative Problem Solving, HTML"
Junior Developer,"{'Research', 'Microsoft Office', 'Microsoft PowerPoint', 'Teamwork', 'Microsoft Excel', 'Data Analysis', 'SQL', 'JavaScript', 'Leadership', 'Microsoft Word'}",0,3 out of 10 top skills,N/A,,0,,"Research, Microsoft Office, Microsoft PowerPoint, Teamwork, Microsoft Excel, Data Analysis, SQL, JavaScript, Leadership, Microsoft Word"
Software Engineer,"{'Data Analysis', 'Java', 'Linux', 'JavaScript', 'Python (Programming Language)', 'Algorithm Design', 'Prolog', 'Spring Framework', 'Scheme', 'React.js'}",0,,N/A,,0,,"Data Analysis, Java, Linux, JavaScript, Python (Programming Language), Algorithm Design, Prolog, Spring Framework, Scheme, React.js"
Graduate/Junior Software Developer,"{'Git', 'Oracle ASM', 'Java', 'SQL', 'JavaScript', 'Problem Solving', 'Prototyping', 'Cascading Style Sheets (CSS)', 'PHP', 'C++'}",0,2 out of 10 top skills,N/A,,0,,"Git, Oracle ASM, Java, SQL, JavaScript, Problem Solving, Prototyping, Cascading Style Sheets (CSS), PHP, C++"
Software Engineer (Junior/Mid-Level),"{'Shell Scripting', 'Software Development', 'Creative Problem Solving', 'Agile Methodologies', 'MySQL', 'JavaScript', 'Critical Thinking', 'Data Processing', 'PHP', 'Collaborative Problem Solving'}",0,2 out of 10 top skills,N/A,,0,,"Shell Scripting, Software Development, Creative Problem Solving, Agile Methodologies, MySQL, JavaScript, Critical Thinking, Data Processing, PHP, Collaborative Problem Solving"
Software Engineer,"{'Tableau', 'Spring Security', 'Software Development', 'SAS Programming', 'Spring Boot', 'Data Analysis', 'Data Structures', 'Technical Support', 'Python (Programming Language)', 'Neural Networks'}",0,1 out of 10 top skills,N/A,,0,,"Tableau, Spring Security, Software Development, SAS Programming, Spring Boot, Data Analysis, Data Structures, Technical Support, Python (Programming Language), Neural Networks"
Junior Software Engineer,"{'Software Development', 'HTML', 'MySQL', 'C#', 'SQL', 'Java', 'JavaScript', 'Cascading Style Sheets (CSS)', 'Python (Programming Language)', 'React.js'}",0,4 out of 10 top skills,50,,0,,"Software Development, HTML, MySQL, C#, SQL, Java, JavaScript, Cascading Style Sheets (CSS), Python (Programming Language), React.js"
"Graduate / Junior Developer, Python, JavaScript, PHP - London","{'MySQL', 'Node.js', 'Express.js', 'JavaScript', 'jQuery', 'Cascading Style Sheets (CSS)', 'HTML5', 'Python (Programming Language)', 'PHP', 'HTML'}",0,,N/A,,0,,"MySQL, Node.js, Express.js, JavaScript, jQuery, Cascading Style Sheets (CSS), HTML5, Python (Programming Language), PHP, HTML"
C# Developer / Junior Software Engineer,"{'Research', 'Microsoft SQL Server', 'Management', 'Git', 'SQL', 'JavaScript', 'Cascading Style Sheets (CSS)', 'HTML5', 'Visual Studio', 'HTML'}",0,3 out of 10 top skills,N/A,,0,,"Research, Microsoft SQL Server, Management, Git, SQL, JavaScript, Cascading Style Sheets (CSS), HTML5, Visual Studio, HTML"
Software Engineer - JavaScript,set(),0,,N/A,,0,,
Associate Software Engineer,"{'Software Development', 'Web Development', 'Teamwork', 'Data Structures', 'Java', 'SQL', 'JavaScript', 'Cascading Style Sheets (CSS)', 'Python (Programming Language)', 'HTML'}",3 alumni,,N/A,,0,,"Software Development, Web Development, Teamwork, Data Structures, Java, SQL, JavaScript, Cascading Style Sheets (CSS), Python (Programming Language), HTML"
Junior Software Developer,"{'Microsoft Office', 'Software Development', 'C#', 'SQL', 'Java', 'JavaScript', 'HTML5', 'Cascading Style Sheets (CSS)', 'Python (Programming Language)', 'HTML'}",0,,N/A,,0,,"Microsoft Office, Software Development, C#, SQL, Java, JavaScript, HTML5, Cascading Style Sheets (CSS), Python (Programming Language), HTML"
Software Engineer,"{'Microsoft Office', 'HTML', 'MySQL', 'SQL', 'Java', 'JavaScript', 'Cascading Style Sheets (CSS)', 'Python (Programming Language)', 'C++', 'React.js'}",0,,N/A,,0,,"Microsoft Office, HTML, MySQL, SQL, Java, JavaScript, Cascading Style Sheets (CSS), Python (Programming Language), C++, React.js"
Software Engineer,"{'Research', 'Microsoft Office', 'C#', 'Back-End Web Development', 'SQL', 'Java', 'JavaScript', 'Leadership', 'Python (Programming Language)', 'C++'}",0,5 out of 10 top skills,N/A,,0,,"Research, Microsoft Office, C#, Back-End Web Development, SQL, Java, JavaScript, Leadership, Python (Programming Language), C++"
Junior - Mid Level Front end Developer,set(),0,,N/A,,0,,
Associate Software Engineer,"{'Research', 'Microsoft Office', 'Management', 'Teamwork', 'Microsoft Excel', 'Time Management', 'Java', 'JavaScript', 'Leadership', 'Digital Marketing'}",5 alumni,2 out of 10 top skills,N/A,,0,,"Research, Microsoft Office, Management, Teamwork, Microsoft Excel, Time Management, Java, JavaScript, Leadership, Digital Marketing"
Junior Software Engineer,"{'Microsoft Office', 'Teamwork', 'Java', 'SQL', 'JavaScript', 'Cascading Style Sheets (CSS)', 'C (Programming Language)', 'Python (Programming Language)', 'C++', 'HTML'}",0,3 out of 10 top skills,N/A,,0,,"Microsoft Office, Teamwork, Java, SQL, JavaScript, Cascading Style Sheets (CSS), C (Programming Language), Python (Programming Language), C++, HTML"
Software Engineer,"{'Redis', 'NoSQL', 'DevOps', 'Express.js', 'Node.js', 'MySQL', 'Memcached', 'MongoDB', 'Subversion', 'HTML'}",0,0 out of 10 top skills,N/A,,0,,"Redis, NoSQL, DevOps, Express.js, Node.js, MySQL, Memcached, MongoDB, Subversion, HTML"
Software Engineer,"{'Hibernate', 'Software Development', 'MySQL', 'SQL', 'Java', 'JavaScript', 'Python (Programming Language)', 'Spring Framework', 'C++', 'HTML'}",0,,N/A,,0,,"Hibernate, Software Development, MySQL, SQL, Java, JavaScript, Python (Programming Language), Spring Framework, C++, HTML"
Software Engineer,"{'C#', 'HTML', 'C++', 'JavaScript', 'Cascading Style Sheets (CSS)', 'MySQL', 'Java', 'Python (Programming Language)', 'Software Development', 'SQL'}",0,4 out of 10 top skills,50,,0,,"C#, HTML, C++, JavaScript, Cascading Style Sheets (CSS), MySQL, Java, Python (Programming Language), Software Development, SQL"
Software Engineer,"{'C#', 'HTML', 'C++', 'JavaScript', 'Cascading Style Sheets (CSS)', 'MySQL', 'Java', 'Python (Programming Language)', 'Software Development', 'SQL'}",0,4 out of 10 top skills,50,,0,,"C#, HTML, C++, JavaScript, Cascading Style Sheets (CSS), MySQL, Java, Python (Programming Language), Software Development, SQL"
Junior Software Engineer,"{'Management', 'C#', 'Project Management', 'Leadership', 'JavaScript', 'Microsoft Excel', 'Engineering', 'Software Development', 'Microsoft Office', 'SQL'}",0,4 out of 10 top skills,N/A,,0,,"Management, C#, Project Management, Leadership, JavaScript, Microsoft Excel, Engineering, Software Development, Microsoft Office, SQL"
Junior Software Developer,"{'Teamwork', 'HTML', 'JavaScript', 'Cascading Style Sheets (CSS)', 'Python (Programming Language)', 'Java', 'React.js', 'Software Development', 'Microsoft Office', 'SQL'}",28 alumni,3 out of 10 top skills,N/A,,0,,"Teamwork, HTML, JavaScript, Cascading Style Sheets (CSS), Python (Programming Language), Java, React.js, Software Development, Microsoft Office, SQL"
"Graduate Developer/Junior Developer - Fintech - £80,000","{'HTML', 'C (Programming Language)', 'C++', 'JavaScript', 'MySQL', 'Java', 'Python (Programming Language)', 'Microsoft Excel', 'Microsoft Office', 'SQL'}",0,3 out of 10 top skills,N/A,,0,,"HTML, C (Programming Language), C++, JavaScript, MySQL, Java, Python (Programming Language), Microsoft Excel, Microsoft Office, SQL"
Software Engineer - Junior X2,set(),0,,N/A,,0,,
Junior Software Developer,"{'HTML', 'Data Structures', 'C (Programming Language)', 'HTML5', 'JavaScript', 'Cascading Style Sheets (CSS)', 'Java', 'Python (Programming Language)', 'Software Development', 'SQL'}",0,4 out of 10 top skills,N/A,,0,,"HTML, Data Structures, C (Programming Language), HTML5, JavaScript, Cascading Style Sheets (CSS), Java, Python (Programming Language), Software Development, SQL"
Junior Software Developer,"{'Collaborative Problem Solving', 'Adobe Photoshop', 'HTML', 'Data Processing', 'Shell Scripting', 'MySQL', 'Django', 'PHP', 'Python (Programming Language)', 'Creative Problem Solving'}",0,1 out of 10 top skills,N/A,,0,,"Collaborative Problem Solving, Adobe Photoshop, HTML, Data Processing, Shell Scripting, MySQL, Django, PHP, Python (Programming Language), Creative Problem Solving"
Junior Developer,"{'Research', 'Data Analysis', 'Teamwork', 'Microsoft PowerPoint', 'Leadership', 'JavaScript', 'Microsoft Excel', 'Microsoft Word', 'Microsoft Office', 'SQL'}",0,3 out of 10 top skills,N/A,,0,,"Research, Data Analysis, Teamwork, Microsoft PowerPoint, Leadership, JavaScript, Microsoft Excel, Microsoft Word, Microsoft Office, SQL"
Software Engineer,"{'Algorithm Design', 'Data Analysis', 'Linux', 'React.js', 'Prolog', 'JavaScript', 'Spring Framework', 'Java', 'Python (Programming Language)', 'Scheme'}",0,,N/A,,0,,"Algorithm Design, Data Analysis, Linux, React.js, Prolog, JavaScript, Spring Framework, Java, Python (Programming Language), Scheme"
Graduate/Junior Software Developer,"{'Oracle ASM', 'C++', 'JavaScript', 'Cascading Style Sheets (CSS)', 'Problem Solving', 'PHP', 'Java', 'Prototyping', 'Git', 'SQL'}",0,2 out of 10 top skills,N/A,,0,,"Oracle ASM, C++, JavaScript, Cascading Style Sheets (CSS), Problem Solving, PHP, Java, Prototyping, Git, SQL"
Software Engineer (Junior/Mid-Level),"{'Collaborative Problem Solving', 'Critical Thinking', 'Data Processing', 'JavaScript', 'Shell Scripting', 'Agile Methodologies', 'MySQL', 'PHP', 'Software Development', 'Creative Problem Solving'}",0,2 out of 10 top skills,N/A,,0,,"Collaborative Problem Solving, Critical Thinking, Data Processing, JavaScript, Shell Scripting, Agile Methodologies, MySQL, PHP, Software Development, Creative Problem Solving"
Software Engineer,"{'Spring Boot', 'Data Analysis', 'Tableau', 'Neural Networks', 'Data Structures', 'SAS Programming', 'Software Development', 'Python (Programming Language)', 'Technical Support', 'Spring Security'}",0,1 out of 10 top skills,N/A,,0,,"Spring Boot, Data Analysis, Tableau, Neural Networks, Data Structures, SAS Programming, Software Development, Python (Programming Language), Technical Support, Spring Security"
Junior Software Engineer,"{'C#', 'HTML', 'JavaScript', 'Cascading Style Sheets (CSS)', 'MySQL', 'Python (Programming Language)', 'Java', 'React.js', 'Software Development', 'SQL'}",0,4 out of 10 top skills,50,,0,,"C#, HTML, JavaScript, Cascading Style Sheets (CSS), MySQL, Python (Programming Language), Java, React.js, Software Development, SQL"
"Graduate / Junior Developer, Python, JavaScript, PHP - London","{'jQuery', 'HTML', 'HTML5', 'JavaScript', 'Cascading Style Sheets (CSS)', 'MySQL', 'Python (Programming Language)', 'PHP', 'Web Development', 'Node.js'}",0,,N/A,,0,,"jQuery, HTML, HTML5, JavaScript, Cascading Style Sheets (CSS), MySQL, Python (Programming Language), PHP, Web Development, Node.js"
C# Developer / Junior Software Engineer,"{'Research', 'Visual Studio', 'Management', 'HTML', 'HTML5', 'JavaScript', 'Cascading Style Sheets (CSS)', 'Microsoft SQL Server', 'Git', 'SQL'}",0,3 out of 10 top skills,N/A,,0,,"Research, Visual Studio, Management, HTML, HTML5, JavaScript, Cascading Style Sheets (CSS), Microsoft SQL Server, Git, SQL"
Software Engineer - JavaScript,set(),0,,N/A,,0,,
Associate Software Engineer,"{'Teamwork', 'HTML', 'Data Structures', 'JavaScript', 'Cascading Style Sheets (CSS)', 'Java', 'Web Development', 'Python (Programming Language)', 'Software Development', 'SQL'}",3 alumni,,N/A,,0,,"Teamwork, HTML, Data Structures, JavaScript, Cascading Style Sheets (CSS), Java, Web Development, Python (Programming Language), Software Development, SQL"
Junior Software Developer,"{'C#', 'HTML', 'HTML5', 'JavaScript', 'Cascading Style Sheets (CSS)', 'Python (Programming Language)', 'Java', 'Software Development', 'Microsoft Office', 'SQL'}",0,,N/A,,0,,"C#, HTML, HTML5, JavaScript, Cascading Style Sheets (CSS), Python (Programming Language), Java, Software Development, Microsoft Office, SQL"
Software Engineer,"{'HTML', 'C++', 'JavaScript', 'MySQL', 'Cascading Style Sheets (CSS)', 'Java', 'Python (Programming Language)', 'React.js', 'Microsoft Office', 'SQL'}",0,,N/A,,0,,"HTML, C++, JavaScript, MySQL, Cascading Style Sheets (CSS), Java, Python (Programming Language), React.js, Microsoft Office, SQL"
Software Engineer,"{'Research', 'C#', 'Leadership', 'C++', 'JavaScript', 'Back-End Web Development', 'Python (Programming Language)', 'Java', 'Microsoft Office', 'SQL'}",0,5 out of 10 top skills,N/A,,0,,"Research, C#, Leadership, C++, JavaScript, Back-End Web Development, Python (Programming Language), Java, Microsoft Office, SQL"
Junior - Mid Level Front end Developer,set(),0,,N/A,,0,,
Associate Software Engineer,"{'Research', 'Teamwork', 'Management', 'Leadership', 'JavaScript', 'Microsoft Excel', 'Java', 'Digital Marketing', 'Microsoft Office', 'Time Management'}",5 alumni,2 out of 10 top skills,N/A,,0,,"Research, Teamwork, Management, Leadership, JavaScript, Microsoft Excel, Java, Digital Marketing, Microsoft Office, Time Management"
Junior Software Engineer,"{'Teamwork', 'HTML', 'C (Programming Language)', 'C++', 'JavaScript', 'Cascading Style Sheets (CSS)', 'Java', 'Python (Programming Language)', 'Microsoft Office', 'SQL'}",0,3 out of 10 top skills,N/A,,0,,"Teamwork, HTML, C (Programming Language), C++, JavaScript, Cascading Style Sheets (CSS), Java, Python (Programming Language), Microsoft Office, SQL"
Software Engineer,"{'NoSQL', 'Redis', 'Memcached', 'Subversion', 'HTML', 'Express.js', 'DevOps', 'MySQL', 'Node.js', 'MongoDB'}",0,0 out of 10 top skills,N/A,,0,,"NoSQL, Redis, Memcached, Subversion, HTML, Express.js, DevOps, MySQL, Node.js, MongoDB"
Software Engineer,"{'Linux', 'C++', 'C (Programming Language)', 'Programming', 'JavaScript', 'Python (Programming Language)', 'Java', 'Software Development', 'Microsoft Office', 'SQL'}",5 alumni,,N/A,,0,,"Linux, C++, C (Programming Language), Programming, JavaScript, Python (Programming Language), Java, Software Development, Microsoft Office, SQL"
Software Engineer,"{'Java', 'SQL', 'C#', 'Cascading Style Sheets (CSS)', 'Python (Programming Language)', 'HTML', 'C++', 'Software Development', 'MySQL', 'JavaScript'}",0,4 out of 10 top skills,25,,0,,"Java, SQL, C#, Cascading Style Sheets (CSS), Python (Programming Language), HTML, C++, Software Development, MySQL, JavaScript"
Software Engineer,"{'Java', 'SQL', 'C#', 'Cascading Style Sheets (CSS)', 'Python (Programming Language)', 'HTML', 'C++', 'Software Development', 'MySQL', 'JavaScript'}",0,4 out of 10 top skills,25,,0,,"Java, SQL, C#, Cascading Style Sheets (CSS), Python (Programming Language), HTML, C++, Software Development, MySQL, JavaScript"
Software Engineer,"{'Microsoft Office', 'Java', 'SQL', 'C#', 'Cascading Style Sheets (CSS)', 'Python (Programming Language)', 'HTML', 'C++', 'Software Development', 'JavaScript'}",0,4 out of 10 top skills,50,,0,,"Microsoft Office, Java, SQL, C#, Cascading Style Sheets (CSS), Python (Programming Language), HTML, C++, Software Development, JavaScript"
Junior Software Engineer,"{'Microsoft Office', 'Java', 'SQL', 'C (Programming Language)', 'Cascading Style Sheets (CSS)', 'Python (Programming Language)', 'HTML', 'C++', 'Teamwork', 'JavaScript'}",0,3 out of 10 top skills,N/A,,0,,"Microsoft Office, Java, SQL, C (Programming Language), Cascading Style Sheets (CSS), Python (Programming Language), HTML, C++, Teamwork, JavaScript"
Junior Software Engineer,"{'Microsoft Office', 'Java', 'SQL', 'Microsoft Excel', 'Project Management', 'Engineering', 'Software Development', 'Leadership', 'JavaScript', 'Management'}",0,3 out of 10 top skills,N/A,,0,,"Microsoft Office, Java, SQL, Microsoft Excel, Project Management, Engineering, Software Development, Leadership, JavaScript, Management"
Junior Software Developer,"{'Microsoft Office', 'Java', 'SQL', 'Cascading Style Sheets (CSS)', 'Python (Programming Language)', 'HTML', 'Software Development', 'Teamwork', 'MySQL', 'JavaScript'}",28 alumni,3 out of 10 top skills,N/A,,0,,"Microsoft Office, Java, SQL, Cascading Style Sheets (CSS), Python (Programming Language), HTML, Software Development, Teamwork, MySQL, JavaScript"
Junior Software Developer,"{'Java', 'SQL', 'PHP', 'Linux', 'C (Programming Language)', 'Cascading Style Sheets (CSS)', 'Python (Programming Language)', 'HTML', 'Software Development', 'JavaScript'}",0,3 out of 10 top skills,N/A,,0,,"Java, SQL, PHP, Linux, C (Programming Language), Cascading Style Sheets (CSS), Python (Programming Language), HTML, Software Development, JavaScript"
Software Engineer - Junior X2,set(),0,,N/A,,0,,
Graduate/Junior Software Developer,"{'Microsoft Office', 'Problem Solving', 'Java', 'SQL', 'PHP', 'Research', 'Cascading Style Sheets (CSS)', 'Python (Programming Language)', 'C++', 'JavaScript'}",0,3 out of 10 top skills,N/A,,0,,"Microsoft Office, Problem Solving, Java, SQL, PHP, Research, Cascading Style Sheets (CSS), Python (Programming Language), C++, JavaScript"
"Graduate Developer/Junior Developer - Fintech - £80,000","{'Microsoft Office', 'Java', 'SQL', 'C (Programming Language)', 'C#', 'Python (Programming Language)', 'HTML', 'Microsoft Excel', 'C++', 'JavaScript'}",0,4 out of 10 top skills,N/A,,0,,"Microsoft Office, Java, SQL, C (Programming Language), C#, Python (Programming Language), HTML, Microsoft Excel, C++, JavaScript"
Software Engineer (Junior/Mid-Level),"{'Collaborative Problem Solving', 'Shell Scripting', 'PHP', 'Critical Thinking', 'Data Processing', 'Agile Methodologies', 'Creative Problem Solving', 'Software Development', 'MySQL', 'JavaScript'}",0,2 out of 10 top skills,N/A,,0,,"Collaborative Problem Solving, Shell Scripting, PHP, Critical Thinking, Data Processing, Agile Methodologies, Creative Problem Solving, Software Development, MySQL, JavaScript"
Junior Developer,"{'Microsoft Office', 'SQL', 'Research', 'Leadership', 'Microsoft Excel', 'Data Analysis', 'Teamwork', 'Microsoft PowerPoint', 'JavaScript', 'Microsoft Word'}",0,3 out of 10 top skills,N/A,,0,,"Microsoft Office, SQL, Research, Leadership, Microsoft Excel, Data Analysis, Teamwork, Microsoft PowerPoint, JavaScript, Microsoft Word"
Junior Software Developer,"{'Organization Skills', 'Collaborative Problem Solving', 'Shell Scripting', 'Data Processing', 'Django', 'Python (Programming Language)', 'HTML', 'Data Analysis', 'MySQL', 'Creative Problem Solving'}",0,1 out of 10 top skills,N/A,,0,,"Organization Skills, Collaborative Problem Solving, Shell Scripting, Data Processing, Django, Python (Programming Language), HTML, Data Analysis, MySQL, Creative Problem Solving"
Junior Software Developer,"{'HTML5', 'Microsoft Office', 'Java', 'SQL', 'C#', 'Cascading Style Sheets (CSS)', 'Python (Programming Language)', 'HTML', 'Software Development', 'JavaScript'}",0,,N/A,,0,,"HTML5, Microsoft Office, Java, SQL, C#, Cascading Style Sheets (CSS), Python (Programming Language), HTML, Software Development, JavaScript"
Software Engineer,"{'Java', 'React.js', 'Scheme', 'Linux', 'Prolog', 'Spring Framework', 'Python (Programming Language)', 'Algorithm Design', 'Data Analysis', 'JavaScript'}",0,,N/A,,0,,"Java, React.js, Scheme, Linux, Prolog, Spring Framework, Python (Programming Language), Algorithm Design, Data Analysis, JavaScript"
Software Engineer,set(),0,,N/A,,0,,
Junior Software Engineer,"{'Microsoft Office', 'Java', 'SQL', 'Cascading Style Sheets (CSS)', 'Python (Programming Language)', 'HTML', 'C++', 'Software Development', 'MySQL', 'JavaScript'}",0,3 out of 10 top skills,N/A,,0,,"Microsoft Office, Java, SQL, Cascading Style Sheets (CSS), Python (Programming Language), HTML, C++, Software Development, MySQL, JavaScript"
Graduate/Junior Software Developer,set(),0,,N/A,,0,,
Software Engineer,"{'Spring Boot', 'SAS Programming', 'Data Structures', 'Spring Security', 'Neural Networks', 'Tableau', 'Technical Support', 'Python (Programming Language)', 'Software Development', 'Data Analysis'}",0,1 out of 10 top skills,N/A,,0,,"Spring Boot, SAS Programming, Data Structures, Spring Security, Neural Networks, Tableau, Technical Support, Python (Programming Language), Software Development, Data Analysis"
Software Engineer - JavaScript,set(),0,,N/A,,0,,
Associate Software Engineer,"{'Java', 'SQL', 'Data Structures', 'Cascading Style Sheets (CSS)', 'Python (Programming Language)', 'Node.js', 'HTML', 'Software Development', 'Teamwork', 'JavaScript'}",3 alumni,,N/A,,0,,"Java, SQL, Data Structures, Cascading Style Sheets (CSS), Python (Programming Language), Node.js, HTML, Software Development, Teamwork, JavaScript"
Software Engineer- London,"{'Java', 'React.js', 'Linux', 'C (Programming Language)', 'Cascading Style Sheets (CSS)', 'Python (Programming Language)', 'HTML', 'C++', 'Software Development', 'JavaScript'}",6 alumni,,N/A,,0,,"Java, React.js, Linux, C (Programming Language), Cascading Style Sheets (CSS), Python (Programming Language), HTML, C++, Software Development, JavaScript"
Software Engineer,"{'Java', 'SQL', 'C#', 'Git', 'Cascading Style Sheets (CSS)', 'Python (Programming Language)', 'HTML', 'C++', 'Software Development', 'JavaScript'}",2 alumni,,N/A,,0,,"Java, SQL, C#, Git, Cascading Style Sheets (CSS), Python (Programming Language), HTML, C++, Software Development, JavaScript"
Software Engineer,"{'Microsoft SQL Server', 'HTML5', 'Java', 'SQL', 'ASP.NET MVC', 'C#', 'Cascading Style Sheets (CSS)', 'HTML', 'Software Development', 'JavaScript'}",0,4 out of 10 top skills,50,,0,,"Microsoft SQL Server, HTML5, Java, SQL, ASP.NET MVC, C#, Cascading Style Sheets (CSS), HTML, Software Development, JavaScript"
Python Software Engineer,"{'R (Programming Language)', 'HTML5', 'MongoDB', 'Java', 'SQL', 'Linux', 'MATLAB', 'Python (Programming Language)', 'MySQL', 'LaTeX'}",0,3 out of 10 top skills,N/A,,0,,"R (Programming Language), HTML5, MongoDB, Java, SQL, Linux, MATLAB, Python (Programming Language), MySQL, LaTeX"
Software Engineer,"{'Microsoft Office', 'Java', 'SQL', 'C#', 'Cascading Style Sheets (CSS)', 'Python (Programming Language)', 'HTML', 'C++', 'Software Development', 'JavaScript'}",0,4 out of 10 top skills,50,,0,,"Microsoft Office, Java, SQL, C#, Cascading Style Sheets (CSS), Python (Programming Language), HTML, C++, Software Development, JavaScript"
Software Engineer,"{'C++', 'HTML', 'JavaScript', 'C#', 'Python (Programming Language)', 'Cascading Style Sheets (CSS)', 'MySQL', 'SQL', 'Java', 'Software Development'}",0,4 out of 10 top skills,25,https://www.linkedin.com/jobs/search/?geoId=101165590&keywords=junior%20software%20engineer&location=United%20Kingdom&originalSubdomain=en,0,,"C++, HTML, JavaScript, C#, Python (Programming Language), Cascading Style Sheets (CSS), MySQL, SQL, Java, Software Development"
Software Engineer,"{'C++', 'HTML', 'JavaScript', 'C#', 'Python (Programming Language)', 'Cascading Style Sheets (CSS)', 'MySQL', 'SQL', 'Java', 'Software Development'}",0,4 out of 10 top skills,25,https://www.linkedin.com/jobs/search/?currentJobId=1942414645&geoId=101165590&keywords=junior%20software%20engineer&location=United%20Kingdom&originalSubdomain=en,0,,"C++, HTML, JavaScript, C#, Python (Programming Language), Cascading Style Sheets (CSS), MySQL, SQL, Java, Software Development"
Software Engineer,"{'C++', 'HTML', 'JavaScript', 'Python (Programming Language)', 'C#', 'Cascading Style Sheets (CSS)', 'SQL', 'Microsoft Office', 'Java', 'Software Development'}",0,4 out of 10 top skills,50,https://www.linkedin.com/jobs/search/?currentJobId=1960604952&geoId=101165590&keywords=junior%20software%20engineer&location=United%20Kingdom&originalSubdomain=en,0,,"C++, HTML, JavaScript, Python (Programming Language), C#, Cascading Style Sheets (CSS), SQL, Microsoft Office, Java, Software Development"
Junior Software Engineer,"{'Teamwork', 'C++', 'HTML', 'JavaScript', 'Python (Programming Language)', 'Cascading Style Sheets (CSS)', 'SQL', 'C (Programming Language)', 'Microsoft Office', 'Java'}",0,3 out of 10 top skills,N/A,https://www.linkedin.com/jobs/search/?currentJobId=1953132806&geoId=101165590&keywords=junior%20software%20engineer&location=United%20Kingdom&originalSubdomain=en,0,,"Teamwork, C++, HTML, JavaScript, Python (Programming Language), Cascading Style Sheets (CSS), SQL, C (Programming Language), Microsoft Office, Java"
Junior Software Engineer,"{'Leadership', 'Management', 'Engineering', 'JavaScript', 'SQL', 'Project Management', 'Microsoft Office', 'Microsoft Excel', 'Java', 'Software Development'}",0,3 out of 10 top skills,N/A,https://www.linkedin.com/jobs/search/?currentJobId=2000746139&geoId=101165590&keywords=junior%20software%20engineer&location=United%20Kingdom&originalSubdomain=en,0,,"Leadership, Management, Engineering, JavaScript, SQL, Project Management, Microsoft Office, Microsoft Excel, Java, Software Development"
Junior Software Developer,"{'Teamwork', 'HTML', 'MySQL', 'JavaScript', 'Cascading Style Sheets (CSS)', 'Python (Programming Language)', 'SQL', 'Microsoft Office', 'Java', 'Software Development'}",28 alumni,3 out of 10 top skills,N/A,https://www.linkedin.com/jobs/search/?currentJobId=2003243432&geoId=101165590&keywords=junior%20software%20engineer&location=United%20Kingdom&originalSubdomain=en,0,,"Teamwork, HTML, MySQL, JavaScript, Cascading Style Sheets (CSS), Python (Programming Language), SQL, Microsoft Office, Java, Software Development"
Junior Software Developer,"{'HTML', 'PHP', 'JavaScript', 'Python (Programming Language)', 'Cascading Style Sheets (CSS)', 'SQL', 'C (Programming Language)', 'Linux', 'Java', 'Software Development'}",0,3 out of 10 top skills,N/A,https://www.linkedin.com/jobs/search/?currentJobId=2001907316&geoId=101165590&keywords=junior%20software%20engineer&location=United%20Kingdom&originalSubdomain=en,0,,"HTML, PHP, JavaScript, Python (Programming Language), Cascading Style Sheets (CSS), SQL, C (Programming Language), Linux, Java, Software Development"
Software Engineer - Junior X2,set(),0,,N/A,https://www.linkedin.com/jobs/search/?currentJobId=2003064493&geoId=101165590&keywords=junior%20software%20engineer&location=United%20Kingdom&originalSubdomain=en,0,,
Graduate/Junior Software Developer,"{'C++', 'PHP', 'JavaScript', 'Python (Programming Language)', 'Cascading Style Sheets (CSS)', 'Problem Solving', 'SQL', 'Microsoft Office', 'Java', 'Research'}",0,3 out of 10 top skills,N/A,https://www.linkedin.com/jobs/search/?currentJobId=1981897980&geoId=101165590&keywords=junior%20software%20engineer&location=United%20Kingdom&originalSubdomain=en,0,,"C++, PHP, JavaScript, Python (Programming Language), Cascading Style Sheets (CSS), Problem Solving, SQL, Microsoft Office, Java, Research"
"Graduate Developer/Junior Developer - Fintech - £80,000","{'C++', 'HTML', 'JavaScript', 'Python (Programming Language)', 'C#', 'SQL', 'C (Programming Language)', 'Microsoft Office', 'Microsoft Excel', 'Java'}",0,4 out of 10 top skills,N/A,https://www.linkedin.com/jobs/search/?currentJobId=2006255787&geoId=101165590&keywords=junior%20software%20engineer&location=United%20Kingdom&originalSubdomain=en,0,,"C++, HTML, JavaScript, Python (Programming Language), C#, SQL, C (Programming Language), Microsoft Office, Microsoft Excel, Java"
Software Engineer (Junior/Mid-Level),"{'Shell Scripting', 'Agile Methodologies', 'PHP', 'JavaScript', 'MySQL', 'Collaborative Problem Solving', 'Critical Thinking', 'Creative Problem Solving', 'Data Processing', 'Software Development'}",0,2 out of 10 top skills,N/A,https://www.linkedin.com/jobs/search/?currentJobId=1984845265&geoId=101165590&keywords=junior%20software%20engineer&location=United%20Kingdom&originalSubdomain=en,0,,"Shell Scripting, Agile Methodologies, PHP, JavaScript, MySQL, Collaborative Problem Solving, Critical Thinking, Creative Problem Solving, Data Processing, Software Development"
Junior Developer,"{'Leadership', 'Teamwork', 'Microsoft PowerPoint', 'JavaScript', 'SQL', 'Data Analysis', 'Microsoft Word', 'Microsoft Excel', 'Research', 'Microsoft Office'}",0,3 out of 10 top skills,N/A,https://www.linkedin.com/jobs/search/?currentJobId=1995619762&geoId=101165590&keywords=junior%20software%20engineer&location=United%20Kingdom&originalSubdomain=en,0,,"Leadership, Teamwork, Microsoft PowerPoint, JavaScript, SQL, Data Analysis, Microsoft Word, Microsoft Excel, Research, Microsoft Office"
Junior Software Developer,"{'Data Analysis', 'Shell Scripting', 'Django', 'Organization Skills', 'HTML', 'MySQL', 'Python (Programming Language)', 'Collaborative Problem Solving', 'Creative Problem Solving', 'Data Processing'}",0,1 out of 10 top skills,N/A,https://www.linkedin.com/jobs/search/?currentJobId=2000519674&geoId=101165590&keywords=junior%20software%20engineer&location=United%20Kingdom&originalSubdomain=en,0,,"Data Analysis, Shell Scripting, Django, Organization Skills, HTML, MySQL, Python (Programming Language), Collaborative Problem Solving, Creative Problem Solving, Data Processing"
Junior Software Developer,"{'HTML5', 'HTML', 'JavaScript', 'C#', 'Python (Programming Language)', 'Cascading Style Sheets (CSS)', 'SQL', 'Microsoft Office', 'Java', 'Software Development'}",0,,N/A,https://www.linkedin.com/jobs/search/?currentJobId=1927903690&geoId=101165590&keywords=junior%20software%20engineer&location=United%20Kingdom&originalSubdomain=en,0,,"HTML5, HTML, JavaScript, C#, Python (Programming Language), Cascading Style Sheets (CSS), SQL, Microsoft Office, Java, Software Development"
Software Engineer,"{'Prolog', 'JavaScript', 'Algorithm Design', 'Python (Programming Language)', 'Java', 'Linux', 'Scheme', 'Data Analysis', 'React.js', 'Spring Framework'}",0,,N/A,https://www.linkedin.com/jobs/search/?currentJobId=2002929401&geoId=101165590&keywords=junior%20software%20engineer&location=United%20Kingdom&originalSubdomain=en,0,,"Prolog, JavaScript, Algorithm Design, Python (Programming Language), Java, Linux, Scheme, Data Analysis, React.js, Spring Framework"
Software Engineer,set(),0,,N/A,https://www.linkedin.com/jobs/search/?currentJobId=1990590605&geoId=101165590&keywords=junior%20software%20engineer&location=United%20Kingdom&originalSubdomain=en,0,,
Junior Software Engineer,"{'C++', 'HTML', 'JavaScript', 'Cascading Style Sheets (CSS)', 'Python (Programming Language)', 'MySQL', 'SQL', 'Microsoft Office', 'Java', 'Software Development'}",0,3 out of 10 top skills,N/A,https://www.linkedin.com/jobs/search/?currentJobId=1994677231&geoId=101165590&keywords=junior%20software%20engineer&location=United%20Kingdom&originalSubdomain=en,0,,"C++, HTML, JavaScript, Cascading Style Sheets (CSS), Python (Programming Language), MySQL, SQL, Microsoft Office, Java, Software Development"
Graduate/Junior Software Developer,set(),0,,N/A,https://www.linkedin.com/jobs/search/?currentJobId=2008189755&geoId=101165590&keywords=junior%20software%20engineer&location=United%20Kingdom&originalSubdomain=en,0,,
Software Engineer,"{'Tableau', 'Neural Networks', 'Data Structures', 'Python (Programming Language)', 'Spring Security', 'Data Analysis', 'Spring Boot', 'Software Development', 'SAS Programming', 'Technical Support'}",0,1 out of 10 top skills,N/A,https://www.linkedin.com/jobs/search/?currentJobId=2001742006&geoId=101165590&keywords=junior%20software%20engineer&location=United%20Kingdom&originalSubdomain=en,0,,"Tableau, Neural Networks, Data Structures, Python (Programming Language), Spring Security, Data Analysis, Spring Boot, Software Development, SAS Programming, Technical Support"
Software Engineer - JavaScript,set(),0,,N/A,https://www.linkedin.com/jobs/search/?currentJobId=2003680867&geoId=101165590&keywords=junior%20software%20engineer&location=United%20Kingdom&originalSubdomain=en,0,,
Software Engineer- London,"{'C++', 'HTML', 'JavaScript', 'Python (Programming Language)', 'Cascading Style Sheets (CSS)', 'Java', 'C (Programming Language)', 'Linux', 'React.js', 'Software Development'}",6 alumni,,N/A,https://www.linkedin.com/jobs/search/?currentJobId=1996896952&geoId=101165590&keywords=junior%20software%20engineer&location=United%20Kingdom&originalSubdomain=en,0,,"C++, HTML, JavaScript, Python (Programming Language), Cascading Style Sheets (CSS), Java, C (Programming Language), Linux, React.js, Software Development"
Software Engineer,"{'HTML', 'C#', 'Microsoft SQL Server', 'Python (Programming Language)', 'ASP.NET Web API', 'ASP.NET MVC', 'SQL', 'Linux', 'Java', 'ASP.NET'}",0,3 out of 10 top skills,50,https://www.linkedin.com/jobs/search/?currentJobId=2000290060&geoId=101165590&keywords=junior%20software%20engineer&location=United%20Kingdom&originalSubdomain=en,0,,"HTML, C#, Microsoft SQL Server, Python (Programming Language), ASP.NET Web API, ASP.NET MVC, SQL, Linux, Java, ASP.NET"
Software Engineer,"{'C++', 'HTML', 'JavaScript', 'C#', 'Python (Programming Language)', 'Cascading Style Sheets (CSS)', 'Git', 'SQL', 'Java', 'Software Development'}",2 alumni,,N/A,https://www.linkedin.com/jobs/search/?currentJobId=1953165738&geoId=101165590&keywords=junior%20software%20engineer&location=United%20Kingdom&originalSubdomain=en,0,,"C++, HTML, JavaScript, C#, Python (Programming Language), Cascading Style Sheets (CSS), Git, SQL, Java, Software Development"
Software Engineer,"{'HTML5', 'HTML', 'JavaScript', 'Cascading Style Sheets (CSS)', 'C#', 'Microsoft SQL Server', 'SQL', 'ASP.NET MVC', 'Java', 'Software Development'}",0,4 out of 10 top skills,50,https://www.linkedin.com/jobs/search/?currentJobId=2000795584&geoId=101165590&keywords=junior%20software%20engineer&location=United%20Kingdom&originalSubdomain=en,0,,"HTML5, HTML, JavaScript, Cascading Style Sheets (CSS), C#, Microsoft SQL Server, SQL, ASP.NET MVC, Java, Software Development"
Junior Software Developer,"{'C++', 'HTML', 'C#', 'JavaScript', 'Python (Programming Language)', 'Cascading Style Sheets (CSS)', 'SQL', 'Microsoft Office', 'Java', 'Software Development'}",1 alum,4 out of 10 top skills,N/A,https://www.linkedin.com/jobs/search/?currentJobId=1954673660&geoId=101165590&keywords=junior%20software%20engineer&location=United%20Kingdom&originalSubdomain=en,0,,"C++, HTML, C#, JavaScript, Python (Programming Language), Cascading Style Sheets (CSS), SQL, Microsoft Office, Java, Software Development"
Software Engineer,"{'C++', 'HTML', 'C#', 'JavaScript', 'Python (Programming Language)', 'Cascading Style Sheets (CSS)', 'SQL', 'Microsoft Office', 'Java', 'Software Development'}",0,4 out of 10 top skills,50,https://www.linkedin.com/jobs/search/?geoId=101165590&keywords=junior%20software%20engineer&location=United%20Kingdom&originalSubdomain=en&start=50,0,,"C++, HTML, C#, JavaScript, Python (Programming Language), Cascading Style Sheets (CSS), SQL, Microsoft Office, Java, Software Development"
Software Engineer,"{'C++', 'HTML', 'C#', 'JavaScript', 'Python (Programming Language)', 'Cascading Style Sheets (CSS)', 'SQL', 'Microsoft Office', 'Java', 'Software Development'}",0,4 out of 10 top skills,50,https://www.linkedin.com/jobs/search/?currentJobId=1962299762&geoId=101165590&keywords=junior%20software%20engineer&location=United%20Kingdom&originalSubdomain=en&start=50,0,,"C++, HTML, C#, JavaScript, Python (Programming Language), Cascading Style Sheets (CSS), SQL, Microsoft Office, Java, Software Development"
Software Engineer,"{'C++', 'HTML', 'JavaScript', 'Cascading Style Sheets (CSS)', 'Python (Programming Language)', 'MySQL', 'SQL', 'Microsoft Office', 'Java', 'Software Development'}",0,3 out of 10 top skills,50,https://www.linkedin.com/jobs/search/?currentJobId=1953195464&geoId=101165590&keywords=junior%20software%20engineer&location=United%20Kingdom&originalSubdomain=en&start=50,0,,"C++, HTML, JavaScript, Cascading Style Sheets (CSS), Python (Programming Language), MySQL, SQL, Microsoft Office, Java, Software Development"
Software Engineer,"{'C++', 'HTML', 'MongoDB', 'JavaScript', 'Python (Programming Language)', 'Git', 'MySQL', 'SQL', 'Java', 'Software Development'}",2 alumni,,N/A,https://www.linkedin.com/jobs/search/?currentJobId=1958814189&geoId=101165590&keywords=junior%20software%20engineer&location=United%20Kingdom&originalSubdomain=en&start=50,0,,"C++, HTML, MongoDB, JavaScript, Python (Programming Language), Git, MySQL, SQL, Java, Software Development"
Graduate / Junior Developer,"{'Research', 'Computer Science', 'PHP', 'MySQL', 'Eclipse', 'Haskell', 'SQL', 'Oracle Database', 'Scala', 'MATLAB'}",0,1 out of 10 top skills,N/A,https://www.linkedin.com/jobs/search/?currentJobId=1951849139&geoId=101165590&keywords=junior%20software%20engineer&location=United%20Kingdom&originalSubdomain=en&start=50,0,,"Research, Computer Science, PHP, MySQL, Eclipse, Haskell, SQL, Oracle Database, Scala, MATLAB"
Junior Developer C,set(),0,,N/A,https://www.linkedin.com/jobs/search/?currentJobId=2006144803&geoId=101165590&keywords=junior%20software%20engineer&location=United%20Kingdom&originalSubdomain=en&start=50,0,,
Software Engineer,set(),0,,N/A,https://www.linkedin.com/jobs/search/?currentJobId=2006449368&geoId=101165590&keywords=junior%20software%20engineer&location=United%20Kingdom&originalSubdomain=en&start=50,0,,
Software Engineer,"{'MySQL', 'Java', 'C++', 'HTML', 'JavaScript', 'Cascading Style Sheets (CSS)', 'C#', 'Software Development', 'Python (Programming Language)', 'SQL'}",0,,N/A,https://www.linkedin.com/jobs/search/?geoId=101165590&keywords=junior%20software%20engineer&location=United%20Kingdom&originalSubdomain=en,0,,"MySQL, Java, C++, HTML, JavaScript, Cascading Style Sheets (CSS), C#, Software Development, Python (Programming Language), SQL"
Software Engineer,"{'MySQL', 'Java', 'C++', 'HTML', 'JavaScript', 'Cascading Style Sheets (CSS)', 'C#', 'Software Development', 'Python (Programming Language)', 'SQL'}",0,,N/A,https://www.linkedin.com/jobs/search/?currentJobId=1942414645&geoId=101165590&keywords=junior%20software%20engineer&location=United%20Kingdom&originalSubdomain=en,0,,"MySQL, Java, C++, HTML, JavaScript, Cascading Style Sheets (CSS), C#, Software Development, Python (Programming Language), SQL"
Software Engineer,"{'Java', 'C++', 'HTML', 'JavaScript', 'Software Development', 'C#', 'Cascading Style Sheets (CSS)', 'Microsoft Office', 'Python (Programming Language)', 'SQL'}",0,,N/A,https://www.linkedin.com/jobs/search/?currentJobId=1960604952&geoId=101165590&keywords=junior%20software%20engineer&location=United%20Kingdom&originalSubdomain=en,0,,"Java, C++, HTML, JavaScript, Software Development, C#, Cascading Style Sheets (CSS), Microsoft Office, Python (Programming Language), SQL"
Junior Software Engineer,"{'Teamwork', 'Java', 'C (Programming Language)', 'C++', 'HTML', 'JavaScript', 'Cascading Style Sheets (CSS)', 'Microsoft Office', 'Python (Programming Language)', 'SQL'}",0,,N/A,https://www.linkedin.com/jobs/search/?currentJobId=1953132806&geoId=101165590&keywords=junior%20software%20engineer&location=United%20Kingdom&originalSubdomain=en,0,,"Teamwork, Java, C (Programming Language), C++, HTML, JavaScript, Cascading Style Sheets (CSS), Microsoft Office, Python (Programming Language), SQL"
Junior Software Engineer,"{'Leadership', 'Java', 'Software Development', 'JavaScript', 'Microsoft Office', 'Engineering', 'Management', 'Microsoft Excel', 'Project Management', 'SQL'}",0,,N/A,https://www.linkedin.com/jobs/search/?currentJobId=2000746139&geoId=101165590&keywords=junior%20software%20engineer&location=United%20Kingdom&originalSubdomain=en,0,,"Leadership, Java, Software Development, JavaScript, Microsoft Office, Engineering, Management, Microsoft Excel, Project Management, SQL"
Junior Software Developer,"{'MySQL', 'Teamwork', 'Java', 'HTML', 'JavaScript', 'Cascading Style Sheets (CSS)', 'Microsoft Office', 'Software Development', 'Python (Programming Language)', 'SQL'}",0,,N/A,https://www.linkedin.com/jobs/search/?currentJobId=2003243432&geoId=101165590&keywords=junior%20software%20engineer&location=United%20Kingdom&originalSubdomain=en,0,,"MySQL, Teamwork, Java, HTML, JavaScript, Cascading Style Sheets (CSS), Microsoft Office, Software Development, Python (Programming Language), SQL"
Junior Software Developer,"{'Java', 'C (Programming Language)', 'JavaScript', 'Cascading Style Sheets (CSS)', 'HTML', 'Software Development', 'Linux', 'Python (Programming Language)', 'PHP', 'SQL'}",0,,N/A,https://www.linkedin.com/jobs/search/?currentJobId=2001907316&geoId=101165590&keywords=junior%20software%20engineer&location=United%20Kingdom&originalSubdomain=en,0,,"Java, C (Programming Language), JavaScript, Cascading Style Sheets (CSS), HTML, Software Development, Linux, Python (Programming Language), PHP, SQL"
Software Engineer - Junior X2,set(),0,,N/A,https://www.linkedin.com/jobs/search/?currentJobId=2003064493&geoId=101165590&keywords=junior%20software%20engineer&location=United%20Kingdom&originalSubdomain=en,0,,
Graduate/Junior Software Developer,"{'Java', 'C++', 'JavaScript', 'Cascading Style Sheets (CSS)', 'Microsoft Office', 'Python (Programming Language)', 'Research', 'PHP', 'SQL', 'Problem Solving'}",0,,N/A,https://www.linkedin.com/jobs/search/?currentJobId=1981897980&geoId=101165590&keywords=junior%20software%20engineer&location=United%20Kingdom&originalSubdomain=en,0,,"Java, C++, JavaScript, Cascading Style Sheets (CSS), Microsoft Office, Python (Programming Language), Research, PHP, SQL, Problem Solving"
"Graduate Developer/Junior Developer - Fintech - £80,000","{'Java', 'C (Programming Language)', 'C++', 'JavaScript', 'HTML', 'C#', 'Microsoft Office', 'Python (Programming Language)', 'Microsoft Excel', 'SQL'}",0,,N/A,https://www.linkedin.com/jobs/search/?currentJobId=2006255787&geoId=101165590&keywords=junior%20software%20engineer&location=United%20Kingdom&originalSubdomain=en,0,,"Java, C (Programming Language), C++, JavaScript, HTML, C#, Microsoft Office, Python (Programming Language), Microsoft Excel, SQL"
Software Engineer (Junior/Mid-Level),"{'MySQL', 'Collaborative Problem Solving', 'Data Processing', 'Agile Methodologies', 'Critical Thinking', 'Shell Scripting', 'JavaScript', 'Software Development', 'Creative Problem Solving', 'PHP'}",0,,N/A,https://www.linkedin.com/jobs/search/?currentJobId=1984845265&geoId=101165590&keywords=junior%20software%20engineer&location=United%20Kingdom&originalSubdomain=en,0,,"MySQL, Collaborative Problem Solving, Data Processing, Agile Methodologies, Critical Thinking, Shell Scripting, JavaScript, Software Development, Creative Problem Solving, PHP"
Junior Developer,"{'Teamwork', 'Leadership', 'Microsoft Word', 'Data Analysis', 'JavaScript', 'Microsoft Office', 'Research', 'Microsoft Excel', 'SQL', 'Microsoft PowerPoint'}",0,,N/A,https://www.linkedin.com/jobs/search/?currentJobId=1995619762&geoId=101165590&keywords=junior%20software%20engineer&location=United%20Kingdom&originalSubdomain=en,0,,"Teamwork, Leadership, Microsoft Word, Data Analysis, JavaScript, Microsoft Office, Research, Microsoft Excel, SQL, Microsoft PowerPoint"
Junior Software Developer,"{'MySQL', 'Organization Skills', 'Collaborative Problem Solving', 'Data Processing', 'Python (Programming Language)', 'Shell Scripting', 'Data Analysis', 'HTML', 'Django', 'Creative Problem Solving'}",0,,N/A,https://www.linkedin.com/jobs/search/?currentJobId=2000519674&geoId=101165590&keywords=junior%20software%20engineer&location=United%20Kingdom&originalSubdomain=en,0,,"MySQL, Organization Skills, Collaborative Problem Solving, Data Processing, Python (Programming Language), Shell Scripting, Data Analysis, HTML, Django, Creative Problem Solving"
Junior Software Developer,"{'HTML5', 'Java', 'HTML', 'JavaScript', 'Cascading Style Sheets (CSS)', 'C#', 'Microsoft Office', 'Software Development', 'Python (Programming Language)', 'SQL'}",0,,N/A,https://www.linkedin.com/jobs/search/?currentJobId=1927903690&geoId=101165590&keywords=junior%20software%20engineer&location=United%20Kingdom&originalSubdomain=en,0,,"HTML5, Java, HTML, JavaScript, Cascading Style Sheets (CSS), C#, Microsoft Office, Software Development, Python (Programming Language), SQL"
Software Engineer,"{'Prolog', 'Java', 'Data Analysis', 'Algorithm Design', 'JavaScript', 'Linux', 'Spring Framework', 'React.js', 'Scheme', 'Python (Programming Language)'}",0,,N/A,https://www.linkedin.com/jobs/search/?currentJobId=2002929401&geoId=101165590&keywords=junior%20software%20engineer&location=United%20Kingdom&originalSubdomain=en,0,,"Prolog, Java, Data Analysis, Algorithm Design, JavaScript, Linux, Spring Framework, React.js, Scheme, Python (Programming Language)"
Software Engineer,set(),0,,N/A,https://www.linkedin.com/jobs/search/?currentJobId=1990590605&geoId=101165590&keywords=junior%20software%20engineer&location=United%20Kingdom&originalSubdomain=en,0,,
Junior Software Engineer,"{'MySQL', 'Java', 'C++', 'HTML', 'JavaScript', 'Cascading Style Sheets (CSS)', 'Microsoft Office', 'Software Development', 'Python (Programming Language)', 'SQL'}",0,,N/A,https://www.linkedin.com/jobs/search/?currentJobId=1994677231&geoId=101165590&keywords=junior%20software%20engineer&location=United%20Kingdom&originalSubdomain=en,0,,"MySQL, Java, C++, HTML, JavaScript, Cascading Style Sheets (CSS), Microsoft Office, Software Development, Python (Programming Language), SQL"
Graduate/Junior Software Developer,set(),0,,N/A,https://www.linkedin.com/jobs/search/?currentJobId=2008189755&geoId=101165590&keywords=junior%20software%20engineer&location=United%20Kingdom&originalSubdomain=en,0,,
Software Engineer,"{'Python (Programming Language)', 'Tableau', 'Data Analysis', 'Software Development', 'Technical Support', 'Neural Networks', 'SAS Programming', 'Data Structures', 'Spring Security', 'Spring Boot'}",0,,N/A,https://www.linkedin.com/jobs/search/?currentJobId=2001742006&geoId=101165590&keywords=junior%20software%20engineer&location=United%20Kingdom&originalSubdomain=en,0,,"Python (Programming Language), Tableau, Data Analysis, Software Development, Technical Support, Neural Networks, SAS Programming, Data Structures, Spring Security, Spring Boot"
Software Engineer - JavaScript,set(),0,,N/A,https://www.linkedin.com/jobs/search/?currentJobId=2003680867&geoId=101165590&keywords=junior%20software%20engineer&location=United%20Kingdom&originalSubdomain=en,0,,
Software Engineer- London,"{'Java', 'C (Programming Language)', 'C++', 'HTML', 'JavaScript', 'Cascading Style Sheets (CSS)', 'Software Development', 'Linux', 'React.js', 'Python (Programming Language)'}",0,,N/A,https://www.linkedin.com/jobs/search/?currentJobId=1996896952&geoId=101165590&keywords=junior%20software%20engineer&location=United%20Kingdom&originalSubdomain=en,0,,"Java, C (Programming Language), C++, HTML, JavaScript, Cascading Style Sheets (CSS), Software Development, Linux, React.js, Python (Programming Language)"
Software Engineer,"{'ASP.NET Web API', 'Java', 'HTML', 'Microsoft SQL Server', 'ASP.NET', 'C#', 'Linux', 'ASP.NET MVC', 'Python (Programming Language)', 'SQL'}",0,,N/A,https://www.linkedin.com/jobs/search/?currentJobId=2000290060&geoId=101165590&keywords=junior%20software%20engineer&location=United%20Kingdom&originalSubdomain=en,0,,"ASP.NET Web API, Java, HTML, Microsoft SQL Server, ASP.NET, C#, Linux, ASP.NET MVC, Python (Programming Language), SQL"
Software Engineer,"{'Git', 'Java', 'C++', 'HTML', 'JavaScript', 'Cascading Style Sheets (CSS)', 'C#', 'Software Development', 'Python (Programming Language)', 'SQL'}",0,,N/A,https://www.linkedin.com/jobs/search/?currentJobId=1953165738&geoId=101165590&keywords=junior%20software%20engineer&location=United%20Kingdom&originalSubdomain=en,0,,"Git, Java, C++, HTML, JavaScript, Cascading Style Sheets (CSS), C#, Software Development, Python (Programming Language), SQL"
Software Engineer,"{'HTML5', 'Java', 'HTML', 'JavaScript', 'Cascading Style Sheets (CSS)', 'C#', 'Software Development', 'Microsoft SQL Server', 'ASP.NET MVC', 'SQL'}",0,,N/A,https://www.linkedin.com/jobs/search/?currentJobId=2000795584&geoId=101165590&keywords=junior%20software%20engineer&location=United%20Kingdom&originalSubdomain=en,0,,"HTML5, Java, HTML, JavaScript, Cascading Style Sheets (CSS), C#, Software Development, Microsoft SQL Server, ASP.NET MVC, SQL"
Junior Software Development Engineer,"{'MySQL', 'Teamwork', 'HTML5', 'Java', 'JavaScript', 'Cascading Style Sheets (CSS)', 'HTML', 'Microsoft Office', 'Python (Programming Language)', 'SQL'}",0,,N/A,https://www.linkedin.com/jobs/search/?currentJobId=1953566932&geoId=101165590&keywords=junior%20software%20engineer&location=United%20Kingdom&originalSubdomain=en,0,,"MySQL, Teamwork, HTML5, Java, JavaScript, Cascading Style Sheets (CSS), HTML, Microsoft Office, Python (Programming Language), SQL"
Software Engineer,"{'Java', 'C++', 'HTML', 'JavaScript', 'Cascading Style Sheets (CSS)', 'C#', 'Software Development', 'Microsoft Office', 'Python (Programming Language)', 'SQL'}",0,,N/A,https://www.linkedin.com/jobs/search/?geoId=101165590&keywords=junior%20software%20engineer&location=United%20Kingdom&originalSubdomain=en&start=50,0,,"Java, C++, HTML, JavaScript, Cascading Style Sheets (CSS), C#, Software Development, Microsoft Office, Python (Programming Language), SQL"
Software Engineer,"{'Java', 'C++', 'HTML', 'JavaScript', 'Cascading Style Sheets (CSS)', 'C#', 'Software Development', 'Microsoft Office', 'Python (Programming Language)', 'SQL'}",0,,N/A,https://www.linkedin.com/jobs/search/?currentJobId=1962299762&geoId=101165590&keywords=junior%20software%20engineer&location=United%20Kingdom&originalSubdomain=en&start=50,0,,"Java, C++, HTML, JavaScript, Cascading Style Sheets (CSS), C#, Software Development, Microsoft Office, Python (Programming Language), SQL"
Graduate Software Engineer,"{'Teamwork', 'Java', 'C (Programming Language)', 'C++', 'JavaScript', 'HTML', 'Cascading Style Sheets (CSS)', 'Microsoft Office', 'Python (Programming Language)', 'SQL'}",0,,N/A,https://www.linkedin.com/jobs/search/?currentJobId=1988812082&geoId=101165590&keywords=junior%20software%20engineer&location=United%20Kingdom&originalSubdomain=en&start=50,0,,"Teamwork, Java, C (Programming Language), C++, JavaScript, HTML, Cascading Style Sheets (CSS), Microsoft Office, Python (Programming Language), SQL"
Software Engineer,"{'MySQL', 'Java', 'C++', 'JavaScript', 'Cascading Style Sheets (CSS)', 'HTML', 'Software Development', 'Microsoft Office', 'Python (Programming Language)', 'SQL'}",0,,N/A,https://www.linkedin.com/jobs/search/?currentJobId=1953195464&geoId=101165590&keywords=junior%20software%20engineer&location=United%20Kingdom&originalSubdomain=en&start=50,0,,"MySQL, Java, C++, JavaScript, Cascading Style Sheets (CSS), HTML, Software Development, Microsoft Office, Python (Programming Language), SQL"
Graduate / Junior Developer,"{'Eclipse', 'MySQL', 'Oracle Database', 'Haskell', 'MATLAB', 'Scala', 'Computer Science', 'Research', 'PHP', 'SQL'}",0,,N/A,https://www.linkedin.com/jobs/search/?currentJobId=1951849139&geoId=101165590&keywords=junior%20software%20engineer&location=United%20Kingdom&originalSubdomain=en&start=50,0,,"Eclipse, MySQL, Oracle Database, Haskell, MATLAB, Scala, Computer Science, Research, PHP, SQL"
Junior Developer C,set(),0,,N/A,https://www.linkedin.com/jobs/search/?currentJobId=2006144803&geoId=101165590&keywords=junior%20software%20engineer&location=United%20Kingdom&originalSubdomain=en&start=50,0,,
Software Engineer,set(),0,,N/A,https://www.linkedin.com/jobs/search/?currentJobId=2006449368&geoId=101165590&keywords=junior%20software%20engineer&location=United%20Kingdom&originalSubdomain=en&start=50,0,,
Software Engineer,"{'HTML', 'Python (Programming Language)', 'Software Development', 'C#', 'JavaScript', 'Cascading Style Sheets (CSS)', 'MySQL', 'Java', 'SQL', 'C++'}",0,4 out of 10 top skills,25,https://www.linkedin.com/jobs/search/?geoId=101165590&keywords=junior%20software%20engineer&location=United%20Kingdom&originalSubdomain=en,0,,"HTML, Python (Programming Language), Software Development, C#, JavaScript, Cascading Style Sheets (CSS), MySQL, Java, SQL, C++"
Software Engineer,"{'HTML', 'Python (Programming Language)', 'Software Development', 'C#', 'JavaScript', 'Cascading Style Sheets (CSS)', 'MySQL', 'Java', 'SQL', 'C++'}",0,4 out of 10 top skills,25,https://www.linkedin.com/jobs/search/?currentJobId=1942414645&geoId=101165590&keywords=junior%20software%20engineer&location=United%20Kingdom&originalSubdomain=en,0,,"HTML, Python (Programming Language), Software Development, C#, JavaScript, Cascading Style Sheets (CSS), MySQL, Java, SQL, C++"
Software Engineer,"{'HTML', 'Python (Programming Language)', 'Java', 'Software Development', 'C#', 'JavaScript', 'Cascading Style Sheets (CSS)', 'Microsoft Office', 'SQL', 'C++'}",0,4 out of 10 top skills,50,https://www.linkedin.com/jobs/search/?currentJobId=1960604952&geoId=101165590&keywords=junior%20software%20engineer&location=United%20Kingdom&originalSubdomain=en,0,,"HTML, Python (Programming Language), Java, Software Development, C#, JavaScript, Cascading Style Sheets (CSS), Microsoft Office, SQL, C++"
Junior Software Engineer,"{'HTML', 'Python (Programming Language)', 'Java', 'Teamwork', 'C (Programming Language)', 'JavaScript', 'Cascading Style Sheets (CSS)', 'Microsoft Office', 'SQL', 'C++'}",0,3 out of 10 top skills,N/A,https://www.linkedin.com/jobs/search/?currentJobId=1953132806&geoId=101165590&keywords=junior%20software%20engineer&location=United%20Kingdom&originalSubdomain=en,0,,"HTML, Python (Programming Language), Java, Teamwork, C (Programming Language), JavaScript, Cascading Style Sheets (CSS), Microsoft Office, SQL, C++"
Junior Software Engineer,"{'Microsoft Office', 'Management', 'Software Development', 'Engineering', 'Microsoft Excel', 'JavaScript', 'Java', 'SQL', 'Project Management', 'Leadership'}",0,3 out of 10 top skills,N/A,https://www.linkedin.com/jobs/search/?currentJobId=2000746139&geoId=101165590&keywords=junior%20software%20engineer&location=United%20Kingdom&originalSubdomain=en,0,,"Microsoft Office, Management, Software Development, Engineering, Microsoft Excel, JavaScript, Java, SQL, Project Management, Leadership"
Junior Software Developer,"{'HTML', 'Python (Programming Language)', 'Java', 'Software Development', 'Teamwork', 'Customer Service', 'JavaScript', 'Cascading Style Sheets (CSS)', 'Microsoft Office', 'SQL'}",28 alumni,3 out of 10 top skills,N/A,https://www.linkedin.com/jobs/search/?currentJobId=2003243432&geoId=101165590&keywords=junior%20software%20engineer&location=United%20Kingdom&originalSubdomain=en,0,,"HTML, Python (Programming Language), Java, Software Development, Teamwork, Customer Service, JavaScript, Cascading Style Sheets (CSS), Microsoft Office, SQL"
Junior Software Developer,"{'HTML', 'Linux', 'Python (Programming Language)', 'PHP', 'Software Development', 'C (Programming Language)', 'JavaScript', 'Cascading Style Sheets (CSS)', 'Java', 'SQL'}",0,3 out of 10 top skills,N/A,https://www.linkedin.com/jobs/search/?currentJobId=2001907316&geoId=101165590&keywords=junior%20software%20engineer&location=United%20Kingdom&originalSubdomain=en,0,,"HTML, Linux, Python (Programming Language), PHP, Software Development, C (Programming Language), JavaScript, Cascading Style Sheets (CSS), Java, SQL"
Software Engineer - Junior X2,set(),0,,N/A,https://www.linkedin.com/jobs/search/?currentJobId=2003064493&geoId=101165590&keywords=junior%20software%20engineer&location=United%20Kingdom&originalSubdomain=en,0,,
Graduate/Junior Software Developer,"{'Python (Programming Language)', 'PHP', 'Java', 'Research', 'Problem Solving', 'JavaScript', 'Cascading Style Sheets (CSS)', 'Microsoft Office', 'SQL', 'C++'}",0,3 out of 10 top skills,N/A,https://www.linkedin.com/jobs/search/?currentJobId=1981897980&geoId=101165590&keywords=junior%20software%20engineer&location=United%20Kingdom&originalSubdomain=en,0,,"Python (Programming Language), PHP, Java, Research, Problem Solving, JavaScript, Cascading Style Sheets (CSS), Microsoft Office, SQL, C++"
"Graduate Developer/Junior Developer - Fintech - £80,000","{'HTML', 'Python (Programming Language)', 'Java', 'Microsoft Excel', 'C#', 'C (Programming Language)', 'JavaScript', 'Microsoft Office', 'SQL', 'C++'}",0,4 out of 10 top skills,N/A,https://www.linkedin.com/jobs/search/?currentJobId=2006255787&geoId=101165590&keywords=junior%20software%20engineer&location=United%20Kingdom&originalSubdomain=en,0,,"HTML, Python (Programming Language), Java, Microsoft Excel, C#, C (Programming Language), JavaScript, Microsoft Office, SQL, C++"
Software Engineer (Junior/Mid-Level),"{'PHP', 'Software Development', 'Shell Scripting', 'Agile Methodologies', 'Creative Problem Solving', 'Data Processing', 'JavaScript', 'MySQL', 'Collaborative Problem Solving', 'Critical Thinking'}",0,2 out of 10 top skills,N/A,https://www.linkedin.com/jobs/search/?currentJobId=1984845265&geoId=101165590&keywords=junior%20software%20engineer&location=United%20Kingdom&originalSubdomain=en,0,,"PHP, Software Development, Shell Scripting, Agile Methodologies, Creative Problem Solving, Data Processing, JavaScript, MySQL, Collaborative Problem Solving, Critical Thinking"
Junior Developer,"{'Microsoft PowerPoint', 'Teamwork', 'Data Analysis', 'Microsoft Excel', 'Microsoft Word', 'Research', 'JavaScript', 'Microsoft Office', 'SQL', 'Leadership'}",0,3 out of 10 top skills,N/A,https://www.linkedin.com/jobs/search/?currentJobId=1995619762&geoId=101165590&keywords=junior%20software%20engineer&location=United%20Kingdom&originalSubdomain=en,0,,"Microsoft PowerPoint, Teamwork, Data Analysis, Microsoft Excel, Microsoft Word, Research, JavaScript, Microsoft Office, SQL, Leadership"
Junior Software Developer,"{'HTML', 'Python (Programming Language)', 'Shell Scripting', 'Data Analysis', 'Creative Problem Solving', 'Data Processing', 'Django', 'Organization Skills', 'MySQL', 'Collaborative Problem Solving'}",0,1 out of 10 top skills,N/A,https://www.linkedin.com/jobs/search/?currentJobId=2000519674&geoId=101165590&keywords=junior%20software%20engineer&location=United%20Kingdom&originalSubdomain=en,0,,"HTML, Python (Programming Language), Shell Scripting, Data Analysis, Creative Problem Solving, Data Processing, Django, Organization Skills, MySQL, Collaborative Problem Solving"
Junior Software Developer,"{'HTML', 'Python (Programming Language)', 'Java', 'Software Development', 'C#', 'JavaScript', 'Cascading Style Sheets (CSS)', 'Microsoft Office', 'SQL', 'HTML5'}",0,,N/A,https://www.linkedin.com/jobs/search/?currentJobId=1927903690&geoId=101165590&keywords=junior%20software%20engineer&location=United%20Kingdom&originalSubdomain=en,0,,"HTML, Python (Programming Language), Java, Software Development, C#, JavaScript, Cascading Style Sheets (CSS), Microsoft Office, SQL, HTML5"
Software Engineer,"{'Linux', 'Python (Programming Language)', 'Prolog', 'Data Analysis', 'Scheme', 'Spring Framework', 'Algorithm Design', 'JavaScript', 'Java', 'React.js'}",0,,N/A,https://www.linkedin.com/jobs/search/?currentJobId=2002929401&geoId=101165590&keywords=junior%20software%20engineer&location=United%20Kingdom&originalSubdomain=en,0,,"Linux, Python (Programming Language), Prolog, Data Analysis, Scheme, Spring Framework, Algorithm Design, JavaScript, Java, React.js"
Software Engineer,set(),0,,N/A,https://www.linkedin.com/jobs/search/?currentJobId=1990590605&geoId=101165590&keywords=junior%20software%20engineer&location=United%20Kingdom&originalSubdomain=en,0,,
Junior Software Engineer,"{'HTML', 'Python (Programming Language)', 'Java', 'Software Development', 'JavaScript', 'Cascading Style Sheets (CSS)', 'MySQL', 'Microsoft Office', 'SQL', 'C++'}",0,3 out of 10 top skills,N/A,https://www.linkedin.com/jobs/search/?currentJobId=1994677231&geoId=101165590&keywords=junior%20software%20engineer&location=United%20Kingdom&originalSubdomain=en,0,,"HTML, Python (Programming Language), Java, Software Development, JavaScript, Cascading Style Sheets (CSS), MySQL, Microsoft Office, SQL, C++"
Graduate/Junior Software Developer,set(),0,,N/A,https://www.linkedin.com/jobs/search/?currentJobId=2008189755&geoId=101165590&keywords=junior%20software%20engineer&location=United%20Kingdom&originalSubdomain=en,0,,
Software Engineer,"{'Tableau', 'Python (Programming Language)', 'Technical Support', 'Software Development', 'Spring Security', 'Data Analysis', 'SAS Programming', 'Data Structures', 'Neural Networks', 'Spring Boot'}",0,1 out of 10 top skills,N/A,https://www.linkedin.com/jobs/search/?currentJobId=2001742006&geoId=101165590&keywords=junior%20software%20engineer&location=United%20Kingdom&originalSubdomain=en,0,,"Tableau, Python (Programming Language), Technical Support, Software Development, Spring Security, Data Analysis, SAS Programming, Data Structures, Neural Networks, Spring Boot"
Software Engineer - JavaScript,set(),0,,N/A,https://www.linkedin.com/jobs/search/?currentJobId=2003680867&geoId=101165590&keywords=junior%20software%20engineer&location=United%20Kingdom&originalSubdomain=en,0,,
Software Engineer- London,"{'HTML', 'Linux', 'Python (Programming Language)', 'Software Development', 'C (Programming Language)', 'JavaScript', 'Cascading Style Sheets (CSS)', 'Java', 'React.js', 'C++'}",6 alumni,,N/A,https://www.linkedin.com/jobs/search/?currentJobId=1996896952&geoId=101165590&keywords=junior%20software%20engineer&location=United%20Kingdom&originalSubdomain=en,0,,"HTML, Linux, Python (Programming Language), Software Development, C (Programming Language), JavaScript, Cascading Style Sheets (CSS), Java, React.js, C++"
Software Engineer,"{'HTML', 'Linux', 'Python (Programming Language)', 'Microsoft SQL Server', 'ASP.NET', 'C#', 'Java', 'ASP.NET MVC', 'SQL', 'ASP.NET Web API'}",0,3 out of 10 top skills,50,https://www.linkedin.com/jobs/search/?currentJobId=2000290060&geoId=101165590&keywords=junior%20software%20engineer&location=United%20Kingdom&originalSubdomain=en,0,,"HTML, Linux, Python (Programming Language), Microsoft SQL Server, ASP.NET, C#, Java, ASP.NET MVC, SQL, ASP.NET Web API"
Software Engineer,"{'HTML', 'Python (Programming Language)', 'Software Development', 'Git', 'C#', 'JavaScript', 'Cascading Style Sheets (CSS)', 'Java', 'SQL', 'C++'}",2 alumni,,N/A,https://www.linkedin.com/jobs/search/?currentJobId=1953165738&geoId=101165590&keywords=junior%20software%20engineer&location=United%20Kingdom&originalSubdomain=en,0,,"HTML, Python (Programming Language), Software Development, Git, C#, JavaScript, Cascading Style Sheets (CSS), Java, SQL, C++"
Software Engineer,"{'HTML', 'Software Development', 'Microsoft SQL Server', 'C#', 'JavaScript', 'Cascading Style Sheets (CSS)', 'Java', 'ASP.NET MVC', 'SQL', 'HTML5'}",0,4 out of 10 top skills,50,https://www.linkedin.com/jobs/search/?currentJobId=2000795584&geoId=101165590&keywords=junior%20software%20engineer&location=United%20Kingdom&originalSubdomain=en,0,,"HTML, Software Development, Microsoft SQL Server, C#, JavaScript, Cascading Style Sheets (CSS), Java, ASP.NET MVC, SQL, HTML5"
Software Engineer,"{'HTML', 'Python (Programming Language)', 'Java', 'JavaScript', 'Cascading Style Sheets (CSS)', 'MySQL', 'Microsoft Office', 'SQL', 'React.js', 'C++'}",0,,N/A,https://www.linkedin.com/jobs/search/?currentJobId=2000432589&geoId=101165590&keywords=junior%20software%20engineer&location=United%20Kingdom&originalSubdomain=en,0,,"HTML, Python (Programming Language), Java, JavaScript, Cascading Style Sheets (CSS), MySQL, Microsoft Office, SQL, React.js, C++"
Software Engineer,"{'HTML', 'Python (Programming Language)', 'Java', 'Software Development', 'C#', 'JavaScript', 'Cascading Style Sheets (CSS)', 'Microsoft Office', 'SQL', 'C++'}",0,4 out of 10 top skills,50,https://www.linkedin.com/jobs/search/?geoId=101165590&keywords=junior%20software%20engineer&location=United%20Kingdom&originalSubdomain=en&start=50,0,,"HTML, Python (Programming Language), Java, Software Development, C#, JavaScript, Cascading Style Sheets (CSS), Microsoft Office, SQL, C++"
Software Engineer,"{'HTML', 'Python (Programming Language)', 'Java', 'Software Development', 'C#', 'JavaScript', 'Cascading Style Sheets (CSS)', 'Microsoft Office', 'SQL', 'C++'}",0,4 out of 10 top skills,50,https://www.linkedin.com/jobs/search/?currentJobId=1962299762&geoId=101165590&keywords=junior%20software%20engineer&location=United%20Kingdom&originalSubdomain=en&start=50,0,,"HTML, Python (Programming Language), Java, Software Development, C#, JavaScript, Cascading Style Sheets (CSS), Microsoft Office, SQL, C++"
Software Engineer,"{'HTML', 'Python (Programming Language)', 'Java', 'Software Development', 'JavaScript', 'Cascading Style Sheets (CSS)', 'MySQL', 'Microsoft Office', 'SQL', 'C++'}",0,3 out of 10 top skills,50,https://www.linkedin.com/jobs/search/?currentJobId=1953195464&geoId=101165590&keywords=junior%20software%20engineer&location=United%20Kingdom&originalSubdomain=en&start=50,0,,"HTML, Python (Programming Language), Java, Software Development, JavaScript, Cascading Style Sheets (CSS), MySQL, Microsoft Office, SQL, C++"
Software Developer,"{'HTML', 'Software Development', 'Microsoft SQL Server', 'ASP.NET', 'C#', 'JavaScript', 'Cascading Style Sheets (CSS)', 'jQuery', '.NET Framework', 'SQL'}",0,3 out of 10 top skills,N/A,https://www.linkedin.com/jobs/search/?currentJobId=1814654535&geoId=101165590&keywords=junior%20software%20engineer&location=United%20Kingdom&originalSubdomain=en&start=50,0,,"HTML, Software Development, Microsoft SQL Server, ASP.NET, C#, JavaScript, Cascading Style Sheets (CSS), jQuery, .NET Framework, SQL"
Graduate / Junior Developer,"{'PHP', 'Scala', 'MATLAB', 'Eclipse', 'Oracle Database', 'Research', 'Computer Science', 'MySQL', 'SQL', 'Haskell'}",0,1 out of 10 top skills,N/A,https://www.linkedin.com/jobs/search/?currentJobId=1951849139&geoId=101165590&keywords=junior%20software%20engineer&location=United%20Kingdom&originalSubdomain=en&start=50,0,,"PHP, Scala, MATLAB, Eclipse, Oracle Database, Research, Computer Science, MySQL, SQL, Haskell"
Junior Developer C,set(),0,,N/A,https://www.linkedin.com/jobs/search/?currentJobId=2006144803&geoId=101165590&keywords=junior%20software%20engineer&location=United%20Kingdom&originalSubdomain=en&start=50,0,,
Software Engineer,set(),0,,N/A,https://www.linkedin.com/jobs/search/?currentJobId=2006449368&geoId=101165590&keywords=junior%20software%20engineer&location=United%20Kingdom&originalSubdomain=en&start=50,0,,
Software Engineer,"{'Python (Programming Language)', 'Eclipse', 'Computer Science', 'Pycharm', 'Java', 'Interpersonal Skills'}",0,1 out of 6 top skills,N/A,https://www.linkedin.com/jobs/search/?currentJobId=1970834833&geoId=101165590&keywords=junior%20software%20engineer&location=United%20Kingdom&originalSubdomain=en&start=50,0,,"Python (Programming Language), Eclipse, Computer Science, Pycharm, Java, Interpersonal Skills"
Software Engineer,set(),4 alumni,,N/A,https://www.linkedin.com/jobs/search/?currentJobId=1960555265&geoId=101165590&keywords=junior%20software%20engineer&location=United%20Kingdom&originalSubdomain=en&start=50,0,,
Graduate Software Engineer ZINC,"{'Emotional Intelligence', 'PHP', 'Social Media Marketing', 'Creative Problem Solving', 'Organization Skills', 'Data Structures', 'Time Management', 'Resiliency', 'Human Computer Interaction', 'Leadership'}",0,1 out of 10 top skills,N/A,https://www.linkedin.com/jobs/search/?currentJobId=1949364367&geoId=101165590&keywords=junior%20software%20engineer&location=United%20Kingdom&originalSubdomain=en&start=50,0,,"Emotional Intelligence, PHP, Social Media Marketing, Creative Problem Solving, Organization Skills, Data Structures, Time Management, Resiliency, Human Computer Interaction, Leadership"
Software Developer,set(),0,,N/A,https://www.linkedin.com/jobs/search/?currentJobId=1991962162&geoId=101165590&keywords=junior%20software%20engineer&location=United%20Kingdom&originalSubdomain=en&start=50,0,,
Software Engineer (Backend),"{'Jira', 'Python (Programming Language)', 'MATLAB', 'Teamwork', 'Research', 'C#', 'MySQL', 'Machine Learning', 'Java', 'C++'}",0,2 out of 10 top skills,50,https://www.linkedin.com/jobs/search/?currentJobId=1979999451&geoId=101165590&keywords=junior%20software%20engineer&location=United%20Kingdom&originalSubdomain=en&start=50,0,,"Jira, Python (Programming Language), MATLAB, Teamwork, Research, C#, MySQL, Machine Learning, Java, C++"
Software Engineer,"{'HTML', 'Python (Programming Language)', 'C#', 'JavaScript', 'Cascading Style Sheets (CSS)', 'MySQL', 'HTML5', 'Java', 'SQL', 'C++'}",0,5 out of 10 top skills,N/A,https://www.linkedin.com/jobs/search/?currentJobId=2000298525&geoId=101165590&keywords=junior%20software%20engineer&location=United%20Kingdom&originalSubdomain=en&start=50,0,,"HTML, Python (Programming Language), C#, JavaScript, Cascading Style Sheets (CSS), MySQL, HTML5, Java, SQL, C++"
Software Engineer London,set(),0,,N/A,https://www.linkedin.com/jobs/search/?currentJobId=2005417214&geoId=101165590&keywords=junior%20software%20engineer&location=United%20Kingdom&originalSubdomain=en&start=50,0,,
Python Software Engineer,"{'HTML', 'Linux', 'Python (Programming Language)', 'PHP', 'Software Development', 'Shell Scripting', 'Microsoft Excel', 'JavaScript', 'SQL', 'C++'}",0,3 out of 10 top skills,N/A,https://www.linkedin.com/jobs/search/?currentJobId=2006650104&geoId=101165590&keywords=junior%20software%20engineer&location=United%20Kingdom&originalSubdomain=en&start=50,0,,"HTML, Linux, Python (Programming Language), PHP, Software Development, Shell Scripting, Microsoft Excel, JavaScript, SQL, C++"
"Software Engineer (Back end, Full stack)","{'HTML', 'AngularJS', 'ASP.NET', 'C#', 'GitHub', 'JavaScript', 'Cascading Style Sheets (CSS)', 'SQL', 'React.js', 'ASP.NET Web API'}",0,,N/A,https://www.linkedin.com/jobs/search/?currentJobId=1928910706&geoId=101165590&keywords=junior%20software%20engineer&location=United%20Kingdom&originalSubdomain=en&start=50,0,,"HTML, AngularJS, ASP.NET, C#, GitHub, JavaScript, Cascading Style Sheets (CSS), SQL, React.js, ASP.NET Web API"
Software Engineer,set(),0,,N/A,https://www.linkedin.com/jobs/search/?currentJobId=1931530154&geoId=101165590&keywords=junior%20software%20engineer&location=United%20Kingdom&originalSubdomain=en&start=50,0,,
Graduate Software Engineer,"{'HTML', 'Python (Programming Language)', 'Java', 'Software Development', 'C (Programming Language)', 'JavaScript', 'Cascading Style Sheets (CSS)', 'Microsoft Office', 'SQL', 'C++'}",0,3 out of 10 top skills,N/A,https://www.linkedin.com/jobs/search/?currentJobId=2006421466&geoId=101165590&keywords=junior%20software%20engineer&location=United%20Kingdom&originalSubdomain=en&start=50,0,,"HTML, Python (Programming Language), Java, Software Development, C (Programming Language), JavaScript, Cascading Style Sheets (CSS), Microsoft Office, SQL, C++"
Software Engineer,"{'Management', 'Cosmetology', 'Marketing', 'Vue.js', 'Training', 'Test Driven Development', 'Pair Programming', 'Time Management', 'Interpersonal Skills', 'Leadership'}",0,1 out of 10 top skills,N/A,https://www.linkedin.com/jobs/search/?currentJobId=1994126677&geoId=101165590&keywords=junior%20software%20engineer&location=United%20Kingdom&originalSubdomain=en&start=50,0,,"Management, Cosmetology, Marketing, Vue.js, Training, Test Driven Development, Pair Programming, Time Management, Interpersonal Skills, Leadership"
Software Engineer,"{'HTML', 'Python (Programming Language)', 'C#', 'C (Programming Language)', 'JavaScript', 'MySQL', 'Cascading Style Sheets (CSS)', 'Java', 'SQL', 'C++'}",0,4 out of 10 top skills,N/A,https://www.linkedin.com/jobs/search/?currentJobId=1989422940&geoId=101165590&keywords=junior%20software%20engineer&location=United%20Kingdom&originalSubdomain=en&start=50,0,,"HTML, Python (Programming Language), C#, C (Programming Language), JavaScript, MySQL, Cascading Style Sheets (CSS), Java, SQL, C++"
Consultant Software Developer,"{'Python (Programming Language)', 'Eclipse', 'Computer Science', 'Pycharm', 'Java', 'Interpersonal Skills'}",0,,N/A,https://www.linkedin.com/jobs/search/?currentJobId=1986091436&geoId=101165590&keywords=junior%20software%20engineer&location=United%20Kingdom&originalSubdomain=en&start=50,0,,"Python (Programming Language), Eclipse, Computer Science, Pycharm, Java, Interpersonal Skills"
Junior DevOps Engineer,"{'HTML', 'Python (Programming Language)', 'Teamwork', 'Data Analysis', 'Customer Service', 'DevOps', 'Jenkins', 'Microsoft Office', 'SQL', 'Leadership'}",0,3 out of 10 top skills,N/A,https://www.linkedin.com/jobs/search/?currentJobId=2003443631&geoId=101165590&keywords=junior%20software%20engineer&location=United%20Kingdom&originalSubdomain=en&start=50,0,,"HTML, Python (Programming Language), Teamwork, Data Analysis, Customer Service, DevOps, Jenkins, Microsoft Office, SQL, Leadership"
Software Engineer,"{'HTML', 'Python (Programming Language)', 'Software Development', 'Git', 'MongoDB', 'JavaScript', 'MySQL', 'Java', 'SQL', 'C++'}",2 alumni,,N/A,https://www.linkedin.com/jobs/search/?currentJobId=1958814189&geoId=101165590&keywords=junior%20software%20engineer&location=United%20Kingdom&originalSubdomain=en&start=50,0,,"HTML, Python (Programming Language), Software Development, Git, MongoDB, JavaScript, MySQL, Java, SQL, C++"
Graduate Software Engineer,"{'HTML', 'Python (Programming Language)', 'Java', 'Teamwork', 'C (Programming Language)', 'JavaScript', 'Cascading Style Sheets (CSS)', 'Microsoft Office', 'SQL', 'C++'}",2 alumni,3 out of 10 top skills,N/A,https://www.linkedin.com/jobs/search/?currentJobId=1988812082&geoId=101165590&keywords=junior%20software%20engineer&location=United%20Kingdom&originalSubdomain=en&start=50,0,,"HTML, Python (Programming Language), Java, Teamwork, C (Programming Language), JavaScript, Cascading Style Sheets (CSS), Microsoft Office, SQL, C++"
Software Engineer (Python) - Social & Environment Impact Data,"{'HTML', 'Python (Programming Language)', 'Git', 'JavaScript', 'MySQL', 'Machine Learning', 'Cascading Style Sheets (CSS)', 'Java', 'SQL', 'C++'}",0,3 out of 10 top skills,N/A,https://www.linkedin.com/jobs/search/?currentJobId=2002582944&geoId=101165590&keywords=junior%20software%20engineer&location=United%20Kingdom&originalSubdomain=en&start=50,0,,"HTML, Python (Programming Language), Git, JavaScript, MySQL, Machine Learning, Cascading Style Sheets (CSS), Java, SQL, C++"
